Hand_R,,
0.1527375,0.249061,-1.336686
0.1527375,0.249061,-1.336686
0.13487,0.3052635,-1.375233
0.13487,0.3052635,-1.375233
0.1120014,0.3475315,-1.419655
0.1120014,0.3475315,-1.419655
0.07581377,0.3738047,-1.46974
0.07581377,0.3738047,-1.46974
