Hand_R,,
0.1469165,0.1921487,-1.313332
0.1337992,0.2372378,-1.34539
0.1337992,0.2372378,-1.34539
0.1219895,0.2650561,-1.376324
0.1219895,0.2650561,-1.376324
0.1012132,0.2933569,-1.404692
0.1012132,0.2933569,-1.404692
0.08597286,0.3090506,-1.430308
0.08597286,0.3090506,-1.430308
0.07253103,0.3141931,-1.451015
0.07253103,0.3141931,-1.451015
