Hand_R,,
0.05635309,0.2025651,-1.323479
0.04546409,0.2816776,-1.376533
0.04546409,0.2816776,-1.376533
0.03948121,0.3308853,-1.433909
0.03948121,0.3308853,-1.433909
0.03948121,0.3308853,-1.433909
0.03948121,0.3308853,-1.433909
0.02827317,0.3793182,-1.491122
0.02827317,0.3793182,-1.491122
0.02149599,0.3920385,-1.547523
0.02149599,0.3920385,-1.547523
