Hand_R,,
0.09064216,0.1129377,-1.376194
0.0870107,0.2524751,-1.367243
0.0870107,0.2524751,-1.367243
0.0870107,0.2524751,-1.367243
0.0870107,0.2524751,-1.367243
0.07686387,0.30706,-1.37718
0.07686387,0.30706,-1.37718
0.04940889,0.3484076,-1.409355
0.04940889,0.3484076,-1.409355
0.04940889,0.3484076,-1.409355
0.04940889,0.3484076,-1.409355
0.04940889,0.3484076,-1.409355
0.04213826,0.3600976,-1.416634
0.04213826,0.3600976,-1.416634
0.03817967,0.3636469,-1.418611
0.03817967,0.3636469,-1.418611
