Hand_R,,
0.5471947,-0.09393243,-1.126141
0.5614513,-0.155679,-1.168578
0.5614513,-0.155679,-1.168578
0.5614513,-0.155679,-1.168578
0.5614513,-0.155679,-1.168578
0.6668143,-0.07766985,-1.347898
0.6668143,-0.07766985,-1.347898
0.6859299,-0.09571084,-1.408439
0.6859299,-0.09571084,-1.408439
0.6802121,-0.1345047,-1.468962
0.6802121,-0.1345047,-1.468962
0.6802121,-0.1345047,-1.468962
0.6802121,-0.1345047,-1.468962
0.531677,-0.1434303,-1.554327
0.531677,-0.1434303,-1.554327
