Hand_R,,
0.4343734,0.09415505,-1.07878
0.4343734,0.09415505,-1.07878
0.4691866,0.07495727,-1.104346
0.4691866,0.07495727,-1.104346
0.545436,0.01422795,-1.169752
0.545436,0.01422795,-1.169752
0.5788633,-0.03370977,-1.213504
0.5788633,-0.03370977,-1.213504
0.5788633,-0.03370977,-1.213504
0.5788633,-0.03370977,-1.213504
0.6038948,-0.1324487,-1.312019
0.6038948,-0.1324487,-1.312019
0.5623578,-0.1677706,-1.367923
0.5623578,-0.1677706,-1.367923
0.5623578,-0.1677706,-1.367923
