Hand_L,,
-0.1527822,-0.1530818,-1.233598
-0.1459683,-0.2424404,-1.284687
-0.1459683,-0.2424404,-1.284687
-0.1459683,-0.2424404,-1.284687
-0.1459683,-0.2424404,-1.284687
-0.1175432,-0.2977671,-1.345896
-0.1175432,-0.2977671,-1.345896
-0.07847002,-0.3442791,-1.38749
-0.07847002,-0.3442791,-1.38749
-0.07847002,-0.3442791,-1.38749
-0.07847002,-0.3442791,-1.38749
