Hand_L,,
-0.2933067,-0.1542928,-1.228493
-0.2933067,-0.1542928,-1.228493
-0.2933067,-0.1542928,-1.228493
-0.2933067,-0.1542928,-1.228493
-0.2933863,-0.1990959,-1.257843
-0.2933863,-0.1990959,-1.257843
-0.2903143,-0.3083574,-1.298111
-0.2903143,-0.3083574,-1.298111
-0.2889647,-0.3217175,-1.330923
-0.2889647,-0.3217175,-1.330923
