Hand_L,,
-0.4727962,0.1879861,-1.250041
-0.4493341,0.01299292,-1.248832
-0.4493341,0.01299292,-1.248832
-0.4285502,-0.07474548,-1.266821
-0.4285502,-0.07474548,-1.266821
-0.4039006,-0.1416729,-1.281744
-0.4039006,-0.1416729,-1.281744
-0.4039006,-0.1416729,-1.281744
-0.4039006,-0.1416729,-1.281744
-0.3738887,-0.1897402,-1.297075
-0.3738887,-0.1897402,-1.297075
-0.3738887,-0.1897402,-1.297075
-0.3738887,-0.1897402,-1.297075
