Hand_L,,
-0.2966869,-0.1881747,-1.260371
-0.2753335,-0.3229046,-1.319998
-0.2753335,-0.3229046,-1.319998
-0.2753335,-0.3229046,-1.319998
-0.2753335,-0.3229046,-1.319998
-0.2712697,-0.3456474,-1.344269
-0.2712697,-0.3456474,-1.344269
-0.2662974,-0.3696909,-1.378354
-0.2662974,-0.3696909,-1.378354
-0.2662974,-0.3696909,-1.378354
-0.2662974,-0.3696909,-1.378354
-0.2662974,-0.3696909,-1.378354
-0.2647442,-0.3740368,-1.392092
-0.2647442,-0.3740368,-1.392092
