Hand_R,,
0.4872787,0.1408927,-2.425372
0.5069025,0.07595878,-2.402091
0.5069025,0.07595878,-2.402091
0.5351137,0.001001893,-2.381755
0.5351137,0.001001893,-2.381755
0.5431041,-0.102644,-2.353602
0.5431041,-0.102644,-2.353602
0.4951428,-0.2110124,-2.343782
0.4951428,-0.2110124,-2.343782
0.3938859,-0.3140529,-2.320808
0.3938859,-0.3140529,-2.320808