Hand_R,,
0.4803147,0.02426156,-2.267754
0.4779718,-0.06932269,-2.247537
0.4779718,-0.06932269,-2.247537
0.4469944,-0.203733,-2.233053
0.4469944,-0.203733,-2.233053
0.4100799,-0.2620595,-2.255675
0.4100799,-0.2620595,-2.255675
0.3885074,-0.3104916,-2.277577
0.3885074,-0.3104916,-2.277577
0.379249,-0.3181105,-2.286444
0.379249,-0.3181105,-2.286444
0.3797622,-0.3202679,-2.289037
0.3797622,-0.3202679,-2.289037
0.3954265,-0.3135049,-2.292226
0.3954265,-0.3135049,-2.292226