Hand_L,,
-0.3699907,-0.1522151,-1.246067
-0.3699907,-0.1522151,-1.246067
-0.3634334,-0.2163162,-1.267648
-0.3634334,-0.2163162,-1.267648
-0.3453215,-0.3263259,-1.301852
-0.3453215,-0.3263259,-1.301852
