Hand_L,,
-0.1826972,0.0306077,-1.192304
-0.1631705,-0.1733672,-1.277216
-0.1631705,-0.1733672,-1.277216
-0.1671651,-0.240347,-1.33597
-0.1671651,-0.240347,-1.33597
-0.1671651,-0.240347,-1.33597
-0.1671651,-0.240347,-1.33597
-0.1480466,-0.3221047,-1.384099
-0.1480466,-0.3221047,-1.384099
-0.1338833,-0.3469908,-1.4275
-0.1338833,-0.3469908,-1.4275
