Hand_L,,
-0.2980006,0.001707324,-1.276239
-0.2980006,0.001707324,-1.276239
-0.2701433,-0.09004492,-1.267018
-0.2701433,-0.09004492,-1.267018
-0.2342911,-0.1609486,-1.270787
-0.2342911,-0.1609486,-1.270787
-0.1874076,-0.2247346,-1.290093
-0.1874076,-0.2247346,-1.290093
-0.1514216,-0.2693952,-1.315144
-0.1514216,-0.2693952,-1.315144
-0.1312664,-0.284853,-1.337252
-0.1312664,-0.284853,-1.337252
