Hand_L,,
-0.3341971,-0.05297286,-1.200966
-0.3341971,-0.05297286,-1.200966
-0.3341971,-0.05297286,-1.200966
-0.3341971,-0.05297286,-1.200966
-0.3315211,-0.159665,-1.261889
-0.3315211,-0.159665,-1.261889
-0.3361585,-0.2759272,-1.346167
-0.3361585,-0.2759272,-1.346167
-0.3361585,-0.2759272,-1.346167
-0.3354574,-0.3577153,-1.380946
-0.3354574,-0.3577153,-1.380946
-0.3354574,-0.3577153,-1.380946
-0.3354574,-0.3577153,-1.380946
-0.3276896,-0.3741115,-1.414344
-0.3276896,-0.3741115,-1.414344
