Hand_L,,
-0.250909,-0.07595245,-1.232835
-0.227005,-0.180673,-1.258046
-0.227005,-0.180673,-1.258046
-0.1908918,-0.2451284,-1.306208
-0.1908918,-0.2451284,-1.306208
-0.1700296,-0.2820163,-1.354818
-0.1700296,-0.2820163,-1.354818
